Campaign,Ad Group,Keyword,Impressions,Clicks
미분류,미분류,도봉구면허시험장,2427562,1296
미분류,미분류,도봉운전면허,2226224,1353
미분류,미분류,도봉운전면허시험,2193430,1315
미분류,미분류,도봉구운전면허,2029885,1149
미분류,미분류,노원면허시험장,1304653,810
미분류,미분류,노원구면허시험장,1304153,821
미분류,미분류,노원운전면허시험,1293119,710
미분류,미분류,노원운전면허,1231945,768
미분류,미분류,노원자동차운전면허,1187706,715
미분류,미분류,노원구운전면허,982101,576
미분류,미분류,강북구운전면허
미분류,미분류,강북구면허시험장,
미분류,미분류,강북구자동차운전면허
미분류,미분류,의정부운전면허시험장
미분류,미분류,의정부구운전면허
미분류,미분류,의정부구면허시험장
미분류,미분류,의정부구자동차운전
미분류,미분류,서울운전면허,86924,38
미분류,미분류,운전,18249,9
미분류,미분류,도봉면허시험장,12811,99
미분류,미분류,운전면허,12248,22
미분류,미분류,도봉운전면허시험장,5276,31
미분류,미분류,면허,4683,4
미분류,미분류,운전면허시험,2996,3
미분류,미분류,운전면허시험장,2405,2
미분류,미분류,안전교육,1413,2
미분류,미분류,교통안전교육,1372,11
미분류,미분류,운전면허증,1222,2
미분류,미분류,운전면허모의고사10문항,1141,1
미분류,미분류,면허시험장,1107,3
미분류,미분류,운전면허모의고사40문항,830,0
미분류,미분류,고수의운전면허,736,26
미분류,미분류,노원운전면허시험장,637,5
미분류,미분류,운전면허모의고사20문항,594,0
미분류,미분류,운전연습,429,3
미분류,미분류,1종보통,361,1
미분류,미분류,면허시험,336,0
미분류,미분류,운전면허모의고사,203,1
미분류,미분류,운전면허과정,200,4
미분류,미분류,1종자동,198,0
미분류,미분류,2종보통,191,0
미분류,미분류,연습면허,172,0
미분류,미분류,고3운전면허,148,0
미분류,미분류,1종보통운전면허,145,0
미분류,미분류,운전시험,123,0
미분류,미분류,겨울방학,110,0
미분류,미분류,노원자동차운전면허시험장,105,3
미분류,미분류,운전면허따는법,101,1
미분류,미분류,노원구운전면허시험장,95,4
미분류,미분류,운전면허책,94,0
미분류,미분류,2종운전면허,91,0
미분류,미분류,운전면허문제집,89,0
미분류,미분류,운전면허1종보통,85,0
미분류,미분류,자동차운전면허증,78,0
미분류,미분류,도봉구운전면허시험장,73,0
미분류,미분류,운전면허문제,72,0
미분류,미분류,운전연습장,69,6
미분류,미분류,운전면허취득과정,66,1
미분류,미분류,운전면허장,61,0
미분류,미분류,1종수동,58,0
미분류,미분류,자동차운전면허시험장,58,1
미분류,미분류,운전면허2종보통,53,0
미분류,미분류,운전면허시험문제,53,0
미분류,미분류,2종보통운전면허,52,0
미분류,미분류,자동차운전,48,0
미분류,미분류,고수의운전면허도봉,46,2
미분류,미분류,운전면허플러스,44,0
미분류,미분류,운전면허실기,42,0
미분류,미분류,운전면허안전교육,39,0
미분류,미분류,운전면허자격증,30,0
미분류,미분류,대학생혜택,27,0
미분류,미분류,운전교육,27,0
미분류,미분류,운전배우기,25,0
미분류,미분류,고수의운전면허도봉점,24,1
미분류,미분류,운전면허후기,23,0
미분류,미분류,2종자동,21,1
미분류,미분류,상계동운전면허시험장,20,0
미분류,미분류,상계동면허시험장,19,0
미분류,미분류,운전면허시험접수,19,0
미분류,미분류,운전면허확인,18,0
미분류,미분류,자동차면허시험,18,0
미분류,미분류,미남운전교실,18,0
미분류,미분류,운전면허실내연습장,18,0
미분류,미분류,의정부면허시험장,17,0
미분류,미분류,노원운전,16,0
미분류,미분류,운전면허연습장,15,0
미분류,미분류,자동차시험,15,0
미분류,미분류,운전면허공부,14,2
미분류,미분류,운전면허어플,14,0
미분류,미분류,면허취소재취득,14,0
미분류,미분류,자동차운전면허,13,0
미분류,미분류,자동차시뮬레이터,13,1
미분류,미분류,운전면허취소후재취득,12,0
미분류,미분류,자동차면허시험장,12,0
미분류,미분류,운전시뮬레이터,12,1
미분류,미분류,1종보통클러치,11,0
미분류,미분류,운전면허따기,11,0
미분류,미분류,운전면허시험신청,11,0
미분류,미분류,의정부운전면허시험장,11,0
미분류,미분류,자동차운전면허시험,10,0
미분류,미분류,운전실내연습장,9,1
미분류,미분류,면허장,9,0
미분류,미분류,자동차면허,9,0
미분류,미분류,노원구운전연습,9,0
미분류,미분류,도봉구운전연습,9,0
미분류,미분류,1종운전면허,9,0
미분류,미분류,운전면허따는과정,9,0
미분류,미분류,가상운전연습,8,1
미분류,미분류,면허따기,8,0
미분류,미분류,노원자동차시험,8,0
미분류,미분류,수능운전면허,8,0
미분류,미분류,2종보통에서1종보통,8,0
미분류,미분류,운전면허2종에서1종,8,0
미분류,미분류,2종보통자동,7,0
미분류,미분류,고3면허,7,0
미분류,미분류,운전면허접수,7,0
미분류,미분류,운전면허코스,7,1
미분류,미분류,운전면허2종자동,6,0
미분류,미분류,운전면허시험과정,6,0
미분류,미분류,주행시험,6,0
미분류,미분류,고수의운전면허노원,6,0
미분류,미분류,운전면허독학,6,0
미분류,미분류,운전면허취득,6,1
미분류,미분류,운전교습,5,0
미분류,미분류,운전면허취득방법,5,0
미분류,미분류,운전전문,5,0
미분류,미분류,운전면허모의고사많이틀리는문제,5,0
미분류,미분류,2종면허증,5,0
미분류,미분류,운전면허재취득,5,0
미분류,미분류,운전면허시험모의고사,4,0
미분류,미분류,노원자동차운전,4,0
미분류,미분류,1종오토,4,0
미분류,미분류,도로운전,3,0
미분류,미분류,1종스틱,3,0
미분류,미분류,2종자동에서1종보통,3,0
미분류,미분류,운전면허주행,3,0
미분류,미분류,운전잘하는방법,3,0
미분류,미분류,주말운전면허,3,1
미분류,미분류,도봉구실내데이트,3,0
미분류,미분류,노원운전연습,3,0
미분류,미분류,도봉구교통안전교육,3,0
미분류,미분류,도봉구면허시험,3,0
미분류,미분류,도봉구운전,3,0
미분류,미분류,도봉구운전코스,3,0
미분류,미분류,외국인운전면허,3,0
미분류,미분류,자동차운전면허신체검사,3,1
미분류,미분류,가상운전연습장,3,1
미분류,미분류,운전면허실내연습,2,0
미분류,미분류,자동차연습,2,0
미분류,미분류,2종수동,2,0
미분류,미분류,2종스틱,2,0
미분류,미분류,2종자동면허,2,0
미분류,미분류,운전면허2주,2,0
미분류,미분류,노원구운전연습장,2,0
미분류,미분류,노원운전면허연습장,2,0
미분류,미분류,노원운전연습장,2,0
미분류,미분류,도봉구운전연습장,2,0
미분류,미분류,상계동운전연습,2,0
미분류,미분류,노원구교통안전교육,2,0
미분류,미분류,노원구운전,2,0
미분류,미분류,노원구운전면허안전교육,2,0
미분류,미분류,노원면허장,2,0
미분류,미분류,도봉구운전면허취득과정,2,0
미분류,미분류,수험생운전면허,2,0
미분류,미분류,고수의운전면허창동,2,0
미분류,미분류,운전실기시험,2,1
미분류,미분류,면허연습장,1,0
미분류,미분류,면허취득과정,1,0
미분류,미분류,실내면허연습장,1,0
미분류,미분류,수동연습,1,0
미분류,미분류,장농면허,1,0
미분류,미분류,고3면허취득,1,0
미분류,미분류,고3운전면허증,1,0
미분류,미분류,면허실기,1,0
미분류,미분류,야간운전면허,1,0
미분류,미분류,운전면허야간,1,0
미분류,미분류,운전면허주행시험,1,0
미분류,미분류,운전면허추천,1,0
미분류,미분류,운전코스,1,0
미분류,미분류,주말운전면허시험,1,0
미분류,미분류,노원구실내데이트코스,1,0
미분류,미분류,노원구운전면허연습장,1,0
미분류,미분류,노원면허연습장,1,0
미분류,미분류,노원스크린운전,1,0
미분류,미분류,도봉구장농면허,1,0
미분류,미분류,노원구면허장,1,0
미분류,미분류,노원구운전면허시험,1,0
미분류,미분류,노원구자동차운전면허시험장,1,0
미분류,미분류,노원면허,1,0
미분류,미분류,노원운전면허주말반,1,0
미분류,미분류,노원자동차면허,1,0
미분류,미분류,노원자동차운전면허시험,1,0
미분류,미분류,도봉구면허,1,0
미분류,미분류,도봉구운전면허과정,1,0
미분류,미분류,도봉구운전면허시험신청,1,1
미분류,미분류,도봉구자동차면허,1,0
미분류,미분류,도봉구자동차운전,1,0
미분류,미분류,도봉구자동차운전면허시험장,1,0
미분류,미분류,상계동운전면허,1,0
미분류,미분류,중계동운전면허,1,0
미분류,미분류,고수의운전면허노원점,1,1
미분류,미분류,고수의운전면허녹천,1,0
미분류,미분류,1종보통운전면허시험,1,0
미분류,미분류,2종운전면허시험,1,0
미분류,미분류,운전면허자체시험,1,0
미분류,미분류,운전면허증따기,1,0
미분류,미분류,직장인운전면허,1,0
미분류,미분류,중랑운전연습,1,0
미분류,미분류,스크린운전,1,0
캠페인 1. 면허 취득,A. 속도/효율형,운전면허기능시험,651,2
캠페인 1. 면허 취득,A. 속도/효율형,기능시험,506,8
캠페인 1. 면허 취득,A. 속도/효율형,장내기능시험,131,1
캠페인 1. 면허 취득,A. 속도/효율형,장내기능,54,0
캠페인 1. 면허 취득,A. 속도/효율형,기능연습,50,0
캠페인 1. 면허 취득,A. 속도/효율형,운전면허기능,50,2
캠페인 1. 면허 취득,A. 속도/효율형,운전기능시험,47,1
캠페인 1. 면허 취득,A. 속도/효율형,기능시험코스,36,0
캠페인 1. 면허 취득,A. 속도/효율형,운전기능,30,0
캠페인 1. 면허 취득,A. 속도/효율형,운전면허기능시험장,16,0
캠페인 1. 면허 취득,A. 속도/효율형,운전면허장내기능,16,0
캠페인 1. 면허 취득,A. 속도/효율형,운전면허기능시험접수,15,0
캠페인 1. 면허 취득,A. 속도/효율형,운전면허기능교육,14,1
캠페인 1. 면허 취득,A. 속도/효율형,운전면허기능연습,14,0
캠페인 1. 면허 취득,A. 속도/효율형,운전면허기능시험연습,13,1
캠페인 1. 면허 취득,A. 속도/효율형,운전면허속성,11,0
캠페인 1. 면허 취득,A. 속도/효율형,도봉구운전면허기능시험,9,0
캠페인 1. 면허 취득,A. 속도/효율형,운전면허기능코스,8,0
캠페인 1. 면허 취득,A. 속도/효율형,운전면허기능시험재시험,7,0
캠페인 1. 면허 취득,A. 속도/효율형,자동차기능시험,6,1
캠페인 1. 면허 취득,A. 속도/효율형,면허기능시험,5,0
캠페인 1. 면허 취득,A. 속도/효율형,운전기능시험코스,5,0
캠페인 1. 면허 취득,A. 속도/효율형,운전면허취득기간,5,0
캠페인 1. 면허 취득,A. 속도/효율형,속성운전면허,4,0
캠페인 1. 면허 취득,A. 속도/효율형,기능시험연습,4,1
캠페인 1. 면허 취득,A. 속도/효율형,3일운전면허,4,0
캠페인 1. 면허 취득,A. 속도/효율형,운전면허3일,3,0
캠페인 1. 면허 취득,A. 속도/효율형,운전면허기능연습장,2,0
캠페인 1. 면허 취득,A. 속도/효율형,1종보통기능,2,0
캠페인 1. 면허 취득,A. 속도/효율형,운전면허2종기능시험,2,0
캠페인 1. 면허 취득,A. 속도/효율형,노원운전면허기능,2,1
캠페인 1. 면허 취득,A. 속도/효율형,자동차운전면허기능시험,2,1
캠페인 1. 면허 취득,A. 속도/효율형,도로기능시험,1,0
캠페인 1. 면허 취득,A. 속도/효율형,운전면허속성반,1,0
캠페인 1. 면허 취득,A. 속도/효율형,노원구단기운전면허,1,0
캠페인 1. 면허 취득,A. 속도/효율형,도봉구기능시험코스,1,0
캠페인 1. 면허 취득,B. 안전/합격보장형,운전면허필기시험,3117,18
캠페인 1. 면허 취득,B. 안전/합격보장형,운전면허필기,2200,17
캠페인 1. 면허 취득,B. 안전/합격보장형,필기시험,1370,2
캠페인 1. 면허 취득,B. 안전/합격보장형,도로주행,1091,3
캠페인 1. 면허 취득,B. 안전/합격보장형,운전면허필기시험문제,482,5
캠페인 1. 면허 취득,B. 안전/합격보장형,운전면허도로주행시험,481,7
캠페인 1. 면허 취득,B. 안전/합격보장형,운전면허필기시험접수,447,3
캠페인 1. 면허 취득,B. 안전/합격보장형,도로주행시험,293,2
캠페인 1. 면허 취득,B. 안전/합격보장형,운전면허학과시험,227,3
캠페인 1. 면허 취득,B. 안전/합격보장형,운전면허시험필기,204,2
캠페인 1. 면허 취득,B. 안전/합격보장형,도로주행연습,146,4
캠페인 1. 면허 취득,B. 안전/합격보장형,운전면허필기접수,109,2
캠페인 1. 면허 취득,B. 안전/합격보장형,운전면허필기시험장,104,4
캠페인 1. 면허 취득,B. 안전/합격보장형,면허필기시험,96,0
캠페인 1. 면허 취득,B. 안전/합격보장형,노원운전면허필기시험장,91,3
캠페인 1. 면허 취득,B. 안전/합격보장형,운전필기시험,88,2
캠페인 1. 면허 취득,B. 안전/합격보장형,운전면허필기공부,63,0
캠페인 1. 면허 취득,B. 안전/합격보장형,노원운전면허필기시험,56,0
캠페인 1. 면허 취득,B. 안전/합격보장형,학과시험,54,0
캠페인 1. 면허 취득,B. 안전/합격보장형,운전면허필기시험문제집,53,2
캠페인 1. 면허 취득,B. 안전/합격보장형,운전면허도로주행,50,2
캠페인 1. 면허 취득,B. 안전/합격보장형,자동차필기시험,49,1
캠페인 1. 면허 취득,B. 안전/합격보장형,도봉운전면허필기시험,43,0
캠페인 1. 면허 취득,B. 안전/합격보장형,노원운전면허필기,42,1
캠페인 1. 면허 취득,B. 안전/합격보장형,연습면허도로주행,37,0
캠페인 1. 면허 취득,B. 안전/합격보장형,운전면허필기시험모의고사,34,0
캠페인 1. 면허 취득,B. 안전/합격보장형,노원도로주행연습,30,0
캠페인 1. 면허 취득,B. 안전/합격보장형,도봉운전면허필기시험장,23,0
캠페인 1. 면허 취득,B. 안전/합격보장형,도봉구운전면허필기시험,20,0
캠페인 1. 면허 취득,B. 안전/합격보장형,운전면허필기시험시간,20,0
캠페인 1. 면허 취득,B. 안전/합격보장형,도로주행가격,19,0
캠페인 1. 면허 취득,B. 안전/합격보장형,도로주행비용,18,0
캠페인 1. 면허 취득,B. 안전/합격보장형,2종보통도로주행,16,0
캠페인 1. 면허 취득,B. 안전/합격보장형,1종보통도로주행,15,0
캠페인 1. 면허 취득,B. 안전/합격보장형,운전면허필기어플,11,0
캠페인 1. 면허 취득,B. 안전/합격보장형,도로주행교육,10,0
캠페인 1. 면허 취득,B. 안전/합격보장형,운전면허증필기,7,0
캠페인 1. 면허 취득,B. 안전/합격보장형,도로주행시험가격,6,0
캠페인 1. 면허 취득,B. 안전/합격보장형,2종보통필기,5,0
캠페인 1. 면허 취득,B. 안전/합격보장형,2종보통필기시험,5,0
캠페인 1. 면허 취득,B. 안전/합격보장형,운전면허학과시험장,4,0
캠페인 1. 면허 취득,B. 안전/합격보장형,도봉구도로주행,4,1
캠페인 1. 면허 취득,B. 안전/합격보장형,도봉구운전면허필기,4,0
캠페인 1. 면허 취득,B. 안전/합격보장형,도로주행쉬운곳,4,0
캠페인 1. 면허 취득,B. 안전/합격보장형,자동차운전면허필기시험,4,0
캠페인 1. 면허 취득,B. 안전/합격보장형,도로주행연습시간,3,0
캠페인 1. 면허 취득,B. 안전/합격보장형,비오는날도로주행시험,3,0
캠페인 1. 면허 취득,B. 안전/합격보장형,자동차도로주행,3,0
캠페인 1. 면허 취득,B. 안전/합격보장형,노원운전면허도로주행,3,1
캠페인 1. 면허 취득,B. 안전/합격보장형,1종도로주행,3,0
캠페인 1. 면허 취득,B. 안전/합격보장형,운전면허기능도로주행,2,0
캠페인 1. 면허 취득,B. 안전/합격보장형,1종보통도로주행연습,1,0
캠페인 1. 면허 취득,B. 안전/합격보장형,2종보통도로주행시험,1,0
캠페인 1. 면허 취득,B. 안전/합격보장형,노원구1종도로주행,1,0
캠페인 1. 면허 취득,B. 안전/합격보장형,노원구운전면허필기,1,0
캠페인 1. 면허 취득,B. 안전/합격보장형,노원도로주행비용,1,0
캠페인 1. 면허 취득,B. 안전/합격보장형,운전면허1종보통필기문제,1,0
캠페인 1. 면허 취득,C. 가성비형,수험표할인,669,3
캠페인 1. 면허 취득,C. 가성비형,실내운전연습장,565,42
캠페인 1. 면허 취득,C. 가성비형,수험생할인,295,6
캠페인 1. 면허 취득,C. 가성비형,운전면허비용,185,1
캠페인 1. 면허 취득,C. 가성비형,노원실내운전연습장,157,1
캠페인 1. 면허 취득,C. 가성비형,실내운전연습,107,3
캠페인 1. 면허 취득,C. 가성비형,실내운전면허연습장,100,7
캠페인 1. 면허 취득,C. 가성비형,실내운전,92,0
캠페인 1. 면허 취득,C. 가성비형,실내운전연습장비용,91,2
캠페인 1. 면허 취득,C. 가성비형,운전면허수험생할인,82,7
캠페인 1. 면허 취득,C. 가성비형,운전면허시험비용,80,0
캠페인 1. 면허 취득,C. 가성비형,실내운전면허,46,2
캠페인 1. 면허 취득,C. 가성비형,운전면허증비용,32,1
캠페인 1. 면허 취득,C. 가성비형,대학생할인,32,0
캠페인 1. 면허 취득,C. 가성비형,수능수험표할인,20,0
캠페인 1. 면허 취득,C. 가성비형,운전면허가격,18,0
캠페인 1. 면허 취득,C. 가성비형,운전면허취득비용,15,0
캠페인 1. 면허 취득,C. 가성비형,운전면허시험가격,8,0
캠페인 1. 면허 취득,C. 가성비형,실내운전면허연습장비용,8,0
캠페인 1. 면허 취득,C. 가성비형,노원실내운전,6,0
캠페인 1. 면허 취득,C. 가성비형,노원역실내운전연습,5,0
캠페인 1. 면허 취득,C. 가성비형,노원운전면허할인,5,0
캠페인 1. 면허 취득,C. 가성비형,수험생할인운전면허,5,1
캠페인 1. 면허 취득,C. 가성비형,수험생운전면허할인,4,0
캠페인 1. 면허 취득,C. 가성비형,수험표할인운전면허,4,0
캠페인 1. 면허 취득,C. 가성비형,운전면허수험표할인,4,0
캠페인 1. 면허 취득,C. 가성비형,운전면허수강료,4,0
캠페인 1. 면허 취득,C. 가성비형,수능운전면허할인,3,0
캠페인 1. 면허 취득,C. 가성비형,운전면허수능할인,3,1
캠페인 1. 면허 취득,C. 가성비형,노원실내운전면허연습장,2,0
캠페인 1. 면허 취득,C. 가성비형,도봉구실내운전,2,0
캠페인 1. 면허 취득,C. 가성비형,도봉구실내운전연습장,2,0
캠페인 1. 면허 취득,C. 가성비형,노원운전면허비용,2,0
캠페인 1. 면허 취득,C. 가성비형,도봉구운전면허시험비용,2,0
캠페인 1. 면허 취득,C. 가성비형,수험생면허할인,2,0
캠페인 1. 면허 취득,C. 가성비형,운전면허시험장가격,2,0
캠페인 1. 면허 취득,C. 가성비형,2종운전면허비용,2,0
캠페인 1. 면허 취득,C. 가성비형,운전면허실기비용,2,0
캠페인 1. 면허 취득,C. 가성비형,면허가격,1,0
캠페인 1. 면허 취득,C. 가성비형,운전면허할인,1,0
캠페인 1. 면허 취득,C. 가성비형,노원구실내운전연습장,1,1
캠페인 1. 면허 취득,C. 가성비형,노원실내운전면허,1,0
캠페인 1. 면허 취득,C. 가성비형,노원실내운전연습,1,0
캠페인 1. 면허 취득,C. 가성비형,노원역실내운전,1,1
캠페인 1. 면허 취득,C. 가성비형,도봉구실내운전면허,1,1
캠페인 1. 면허 취득,C. 가성비형,도봉구실내운전면허연습장,1,0
캠페인 1. 면허 취득,C. 가성비형,상계동실내운전연습장,1,0
캠페인 1. 면허 취득,C. 가성비형,노원구운전면허시험비용,1,0
캠페인 1. 면허 취득,C. 가성비형,노원구운전면허할인,1,0
캠페인 1. 면허 취득,C. 가성비형,노원운전면허실기비용,1,0
캠페인 1. 면허 취득,C. 가성비형,1종보통가격,1,0
캠페인 1. 면허 취득,C. 가성비형,실내운전연습실,1,0
캠페인 1. 면허 취득,C. 가성비형,실내운전면허연습장가격,1,0
캠페인 1. 면허 취득,C. 가성비형,실내운전연습장가격,1,0
캠페인 2. 장롱면허 탈출,D. 도로 공포형,도봉구운전연수,2311107,1457
캠페인 2. 장롱면허 탈출,D. 도로 공포형,도봉운전연수,2179638,1130
캠페인 2. 장롱면허 탈출,D. 도로 공포형,노원운전연수,1384068,844
캠페인 2. 장롱면허 탈출,D. 도로 공포형,노원구운전연수,1303654,788
캠페인 2. 장롱면허 탈출,D. 도로 공포형,서울운전연수,244438,140
캠페인 2. 장롱면허 탈출,D. 도로 공포형,연수,3220,1
캠페인 2. 장롱면허 탈출,D. 도로 공포형,운전연수,3215,37
캠페인 2. 장롱면허 탈출,D. 도로 공포형,초보운전,1535,1
캠페인 2. 장롱면허 탈출,D. 도로 공포형,장롱면허운전연수,612,29
캠페인 2. 장롱면허 탈출,D. 도로 공포형,운전연수비용,341,19
캠페인 2. 장롱면허 탈출,D. 도로 공포형,장롱면허,331,0
캠페인 2. 장롱면허 탈출,D. 도로 공포형,도로연수,318,5
캠페인 2. 장롱면허 탈출,D. 도로 공포형,초보운전연수,233,4
캠페인 2. 장롱면허 탈출,D. 도로 공포형,자동차연수,111,2
캠페인 2. 장롱면허 탈출,D. 도로 공포형,운전연수가격,110,7
캠페인 2. 장롱면허 탈출,D. 도로 공포형,도로연수가격,97,6
캠페인 2. 장롱면허 탈출,D. 도로 공포형,도로연수비용,97,5
캠페인 2. 장롱면허 탈출,D. 도로 공포형,도로주행연수,66,2
캠페인 2. 장롱면허 탈출,D. 도로 공포형,초보탈출,63,0
캠페인 2. 장롱면허 탈출,D. 도로 공포형,개인운전연수,60,3
캠페인 2. 장롱면허 탈출,D. 도로 공포형,개인도로연수,52,7
캠페인 2. 장롱면허 탈출,D. 도로 공포형,창동운전연수,48,1
캠페인 2. 장롱면허 탈출,D. 도로 공포형,장롱면허운전연수비용,46,7
캠페인 2. 장롱면허 탈출,D. 도로 공포형,장롱면허도로연수,45,3
캠페인 2. 장롱면허 탈출,D. 도로 공포형,운전면허시뮬레이션,45,4
캠페인 2. 장롱면허 탈출,D. 도로 공포형,장롱면허연수,39,6
캠페인 2. 장롱면허 탈출,D. 도로 공포형,운전시뮬레이션,38,4
캠페인 2. 장롱면허 탈출,D. 도로 공포형,여성자동차연수,37,4
캠페인 2. 장롱면허 탈출,D. 도로 공포형,운전면허연수,35,1
캠페인 2. 장롱면허 탈출,D. 도로 공포형,여성운전연수,33,2
캠페인 2. 장롱면허 탈출,D. 도로 공포형,초보운전도로연수,29,1
캠페인 2. 장롱면허 탈출,D. 도로 공포형,도로주행연수비용,28,4
캠페인 2. 장롱면허 탈출,D. 도로 공포형,장롱면허탈출,28,1
캠페인 2. 장롱면허 탈출,D. 도로 공포형,별내운전연수,27,1
캠페인 2. 장롱면허 탈출,D. 도로 공포형,도로운전연수,26,0
캠페인 2. 장롱면허 탈출,D. 도로 공포형,서울운전연수가격,26,0
캠페인 2. 장롱면허 탈출,D. 도로 공포형,노원운전연수비용,21,1
캠페인 2. 장롱면허 탈출,D. 도로 공포형,노원자동차연수,19,0
캠페인 2. 장롱면허 탈출,D. 도로 공포형,서울운전연수비용,19,1
캠페인 2. 장롱면허 탈출,D. 도로 공포형,자동차운전연수,18,1
캠페인 2. 장롱면허 탈출,D. 도로 공포형,장롱면허운전연수가격,18,1
캠페인 2. 장롱면허 탈출,D. 도로 공포형,자동차도로연수,15,0
캠페인 2. 장롱면허 탈출,D. 도로 공포형,초보운전잘하는법,14,0
캠페인 2. 장롱면허 탈출,D. 도로 공포형,여자운전연수,13,1
캠페인 2. 장롱면허 탈출,D. 도로 공포형,자동차연수비용,13,0
캠페인 2. 장롱면허 탈출,D. 도로 공포형,운전연수추천,11,0
캠페인 2. 장롱면허 탈출,D. 도로 공포형,운전연수전문,10,2
캠페인 2. 장롱면허 탈출,D. 도로 공포형,서울도로연수가격,10,0
캠페인 2. 장롱면허 탈출,D. 도로 공포형,운전도로연수,8,0
캠페인 2. 장롱면허 탈출,D. 도로 공포형,상계동운전연수,8,0
캠페인 2. 장롱면허 탈출,D. 도로 공포형,녹천도로연수,8,0
캠페인 2. 장롱면허 탈출,D. 도로 공포형,시뮬레이션운전연습,7,0
캠페인 2. 장롱면허 탈출,D. 도로 공포형,실내운전연수,7,0
캠페인 2. 장롱면허 탈출,D. 도로 공포형,초보운전연수비용,7,0
캠페인 2. 장롱면허 탈출,D. 도로 공포형,시뮬레이션운전,7,1
캠페인 2. 장롱면허 탈출,D. 도로 공포형,노원도로주행연수,7,0
캠페인 2. 장롱면허 탈출,D. 도로 공포형,노원장롱면허연수,7,0
캠페인 2. 장롱면허 탈출,D. 도로 공포형,노원장롱면허운전연수,7,1
캠페인 2. 장롱면허 탈출,D. 도로 공포형,시뮬레이션운전연습장,7,0
캠페인 2. 장롱면허 탈출,D. 도로 공포형,자동차연수가격,6,1
캠페인 2. 장롱면허 탈출,D. 도로 공포형,운전시뮬레이션연습장,6,0
캠페인 2. 장롱면허 탈출,D. 도로 공포형,초보운전연수가격,6,0
캠페인 2. 장롱면허 탈출,D. 도로 공포형,개인연수,5,0
캠페인 2. 장롱면허 탈출,D. 도로 공포형,자동차도로연수비용,5,1
캠페인 2. 장롱면허 탈출,D. 도로 공포형,도봉구초보운전연수,5,1
캠페인 2. 장롱면허 탈출,D. 도로 공포형,고속도로연수,4,0
캠페인 2. 장롱면허 탈출,D. 도로 공포형,수동운전연수,4,0
캠페인 2. 장롱면허 탈출,D. 도로 공포형,운전개인연수,4,0
캠페인 2. 장롱면허 탈출,D. 도로 공포형,노원구장롱면허운전연수,4,1
캠페인 2. 장롱면허 탈출,D. 도로 공포형,노원운전면허연수,4,0
캠페인 2. 장롱면허 탈출,D. 도로 공포형,노원자동차도로연수,4,1
캠페인 2. 장롱면허 탈출,D. 도로 공포형,도봉구자동차연수,4,0
캠페인 2. 장롱면허 탈출,D. 도로 공포형,도봉구장롱면허운전연수,4,0
캠페인 2. 장롱면허 탈출,D. 도로 공포형,장롱면허운전연습,3,0
캠페인 2. 장롱면허 탈출,D. 도로 공포형,주행연수,3,0
캠페인 2. 장롱면허 탈출,D. 도로 공포형,차량연수,3,0
캠페인 2. 장롱면허 탈출,D. 도로 공포형,노원구운전연수비용,3,0
캠페인 2. 장롱면허 탈출,D. 도로 공포형,노원구장롱면허도로연수,3,2
캠페인 2. 장롱면허 탈출,D. 도로 공포형,노원구초보운전,3,0
캠페인 2. 장롱면허 탈출,D. 도로 공포형,노원초보운전연수,3,0
캠페인 2. 장롱면허 탈출,D. 도로 공포형,도봉구자동차운전연수,3,0
캠페인 2. 장롱면허 탈출,D. 도로 공포형,장롱탈출,3,0
캠페인 2. 장롱면허 탈출,D. 도로 공포형,자동차시뮬레이션,3,0
캠페인 2. 장롱면허 탈출,D. 도로 공포형,서울도로연수비용,3,1
캠페인 2. 장롱면허 탈출,D. 도로 공포형,도로연수시간,2,0
캠페인 2. 장롱면허 탈출,D. 도로 공포형,수동연수,2,0
캠페인 2. 장롱면허 탈출,D. 도로 공포형,장롱면허연습,2,0
캠페인 2. 장롱면허 탈출,D. 도로 공포형,노원구도로주행연수,2,0
캠페인 2. 장롱면허 탈출,D. 도로 공포형,노원구자동차연수,2,0
캠페인 2. 장롱면허 탈출,D. 도로 공포형,노원구장롱면허연수,2,0
캠페인 2. 장롱면허 탈출,D. 도로 공포형,노원도로연수비용,2,0
캠페인 2. 장롱면허 탈출,D. 도로 공포형,노원초보운전,2,0
캠페인 2. 장롱면허 탈출,D. 도로 공포형,도봉구차량연수,2,0
캠페인 2. 장롱면허 탈출,D. 도로 공포형,고속도로운전연수,2,1
캠페인 2. 장롱면허 탈출,D. 도로 공포형,운전면허도로연수,2,0
캠페인 2. 장롱면허 탈출,D. 도로 공포형,장롱운전연수,2,0
캠페인 2. 장롱면허 탈출,D. 도로 공포형,운전면허기능시험시뮬레이션,1,1
캠페인 2. 장롱면허 탈출,D. 도로 공포형,도로연수10시간,1,0
캠페인 2. 장롱면허 탈출,D. 도로 공포형,도로연수추천,1,0
캠페인 2. 장롱면허 탈출,D. 도로 공포형,도로주행연수비,1,0
캠페인 2. 장롱면허 탈출,D. 도로 공포형,야간운전연수,1,0
캠페인 2. 장롱면허 탈출,D. 도로 공포형,여성도로연수,1,0
캠페인 2. 장롱면허 탈출,D. 도로 공포형,초보도로연수,1,0
캠페인 2. 장롱면허 탈출,D. 도로 공포형,초보연수,1,0
캠페인 2. 장롱면허 탈출,D. 도로 공포형,초보운전연습,1,0
캠페인 2. 장롱면허 탈출,D. 도로 공포형,도봉구실내운전연수,1,1
캠페인 2. 장롱면허 탈출,D. 도로 공포형,노원구개인운전연수,1,0
캠페인 2. 장롱면허 탈출,D. 도로 공포형,노원구여성운전연수,1,0
캠페인 2. 장롱면허 탈출,D. 도로 공포형,노원구운전면허연수,1,0
캠페인 2. 장롱면허 탈출,D. 도로 공포형,노원구초보운전연수,1,0
캠페인 2. 장롱면허 탈출,D. 도로 공포형,노원도로연수가격,1,0
캠페인 2. 장롱면허 탈출,D. 도로 공포형,노원도로주행연수비용,1,0
캠페인 2. 장롱면허 탈출,D. 도로 공포형,노원자동차운전연수,1,1
캠페인 2. 장롱면허 탈출,D. 도로 공포형,노원장롱면허도로연수,1,0
캠페인 2. 장롱면허 탈출,D. 도로 공포형,노원주행연수,1,0
캠페인 2. 장롱면허 탈출,D. 도로 공포형,노원초보운전도로연수,1,0
캠페인 2. 장롱면허 탈출,D. 도로 공포형,노원초보운전도로연수가격,1,0
캠페인 2. 장롱면허 탈출,D. 도로 공포형,도봉구운전면허연수,1,0
캠페인 2. 장롱면허 탈출,D. 도로 공포형,도봉구운전연수비용,1,0
캠페인 2. 장롱면허 탈출,D. 도로 공포형,도봉구자동차연수비용,1,0
캠페인 2. 장롱면허 탈출,D. 도로 공포형,도봉구장롱면허연수,1,0
캠페인 2. 장롱면허 탈출,D. 도로 공포형,도봉구초보도로연수,1,0
캠페인 2. 장롱면허 탈출,D. 도로 공포형,도봉구초보운전,1,0
캠페인 2. 장롱면허 탈출,D. 도로 공포형,시내연수,1,0
캠페인 2. 장롱면허 탈출,D. 도로 공포형,시내운전연수,1,0
캠페인 2. 장롱면허 탈출,D. 도로 공포형,녹천연수,1,0
캠페인 2. 장롱면허 탈출,D. 도로 공포형,중랑도로연수,1,0
캠페인 2. 장롱면허 탈출,D. 도로 공포형,초보운전탈출,1,0
캠페인 2. 장롱면허 탈출,E. 스킬 부족형,주차,6737,3
캠페인 2. 장롱면허 탈출,E. 스킬 부족형,주차연습,237,2
캠페인 2. 장롱면허 탈출,E. 스킬 부족형,주차방법,222,2
캠페인 2. 장롱면허 탈출,E. 스킬 부족형,아파트주차,104,0
캠페인 2. 장롱면허 탈출,E. 스킬 부족형,평행주차,104,0
캠페인 2. 장롱면허 탈출,E. 스킬 부족형,후진주차,104,0
캠페인 2. 장롱면허 탈출,E. 스킬 부족형,전면주차,76,0
캠페인 2. 장롱면허 탈출,E. 스킬 부족형,평행주차공식,74,0
캠페인 2. 장롱면허 탈출,E. 스킬 부족형,마트주차,71,0
캠페인 2. 장롱면허 탈출,E. 스킬 부족형,주차잘하는법,63,4
캠페인 2. 장롱면허 탈출,E. 스킬 부족형,주차공식,52,0
캠페인 2. 장롱면허 탈출,E. 스킬 부족형,직각주차,44,0
캠페인 2. 장롱면허 탈출,E. 스킬 부족형,빌라주차,34,0
캠페인 2. 장롱면허 탈출,E. 스킬 부족형,직각주차공식,21,0
캠페인 2. 장롱면허 탈출,E. 스킬 부족형,주차연수,16,1
캠페인 2. 장롱면허 탈출,E. 스킬 부족형,노원구주차연습,14,0
캠페인 2. 장롱면허 탈출,E. 스킬 부족형,후진주차공식,12,0
캠페인 2. 장롱면허 탈출,E. 스킬 부족형,주차요령,11,0
캠페인 2. 장롱면허 탈출,E. 스킬 부족형,도봉구주차연습,8,0
캠페인 2. 장롱면허 탈출,E. 스킬 부족형,주차교육,5,0
캠페인 2. 장롱면허 탈출,E. 스킬 부족형,주택주차,5,0
캠페인 2. 장롱면허 탈출,E. 스킬 부족형,노원주차연수,4,0
캠페인 2. 장롱면허 탈출,E. 스킬 부족형,전면주차공식,4,0
캠페인 2. 장롱면허 탈출,E. 스킬 부족형,지하주차,4,0
캠페인 2. 장롱면허 탈출,E. 스킬 부족형,노원주차연습,3,0
캠페인 2. 장롱면허 탈출,E. 스킬 부족형,담벼락주차,3,0
캠페인 2. 장롱면허 탈출,E. 스킬 부족형,자동차주차,3,0
캠페인 2. 장롱면허 탈출,E. 스킬 부족형,주차연수비용,2,0
캠페인 2. 장롱면허 탈출,E. 스킬 부족형,공터주차,1,0
캠페인 2. 장롱면허 탈출,E. 스킬 부족형,자동차주차연습,1,
캠페인 2. 장롱면허 탈출,E. 스킬 부족형,주차의달인,1,0
캠페인 2. 장롱면허 탈출,E. 스킬 부족형,평행주차연습,1,0

